ID,TITLE,AUTHOR,YEAR,URL
nos_01,The Prophecies of Nostradamus,Nostradamus,1555/1558,https://www.sacred-texts.com/nos/preface.htm
nos_02,The Prophecies of Nostradamus,Nostradamus,1555/1558,https://www.sacred-texts.com/nos/cen1eng.htm
nos_03,The Prophecies of Nostradamus,Nostradamus,1555/1558,https://www.sacred-texts.com/nos/cen2eng.htm
nos_04,The Prophecies of Nostradamus,Nostradamus,1555/1558,https://www.sacred-texts.com/nos/cen3eng.htm
nos_05,The Prophecies of Nostradamus,Nostradamus,1555/1558,https://www.sacred-texts.com/nos/cen4eng.htm
nos_06,The Prophecies of Nostradamus,Nostradamus,1555/1558,https://www.sacred-texts.com/nos/cen5eng.htm
nos_07,The Prophecies of Nostradamus,Nostradamus,1555/1558,https://www.sacred-texts.com/nos/cen6eng.htm
nos_08,The Prophecies of Nostradamus,Nostradamus,1555/1558,https://www.sacred-texts.com/nos/cen7eng.htm
nos_09,The Prophecies of Nostradamus,Nostradamus,1555/1558,https://www.sacred-texts.com/nos/epistle.htm
nos_10,The Prophecies of Nostradamus,Nostradamus,1555/1558,https://www.sacred-texts.com/nos/cen8eng.htm
nos_11,The Prophecies of Nostradamus,Nostradamus,1555/1558,https://www.sacred-texts.com/nos/cen9eng.htm
nos_12,The Prophecies of Nostradamus,Nostradamus,1555/1558,https://www.sacred-texts.com/nos/cen10eng.htm